--
-- PostgreSQL database dump
--

-- Dumped from database version 14.1
-- Dumped by pg_dump version 15.1

-- Started on 2023-03-09 23:20:23

SET statement_timeout = 0;
SET lock_timeout = 0;
SET idle_in_transaction_session_timeout = 0;
SET client_encoding = 'UTF8';
SET standard_conforming_strings = on;
SELECT pg_catalog.set_config('search_path', '', false);
SET check_function_bodies = false;
SET xmloption = content;
SET client_min_messages = warning;
SET row_security = off;

--
-- TOC entry 17 (class 2615 OID 18862)
-- Name: public; Type: SCHEMA; Schema: -; Owner: postgres
--

CREATE SCHEMA public;


ALTER SCHEMA public OWNER TO postgres;

--
-- TOC entry 435 (class 1255 OID 20565)
-- Name: set_queue_number(); Type: FUNCTION; Schema: public; Owner: postgres
--

CREATE FUNCTION public.set_queue_number() RETURNS trigger
    LANGUAGE plpgsql
    AS $$
BEGIN
  NEW.queue_number := (select count(*)+1 from orders where order_date = date(now()) limit 1);
  IF NEW.queue_number is null then
    NEW.queue_number = 1;
  end if;
  RETURN NEW;
END;
$$;


ALTER FUNCTION public.set_queue_number() OWNER TO postgres;

SET default_tablespace = '';

SET default_table_access_method = heap;

--
-- TOC entry 269 (class 1259 OID 20288)
-- Name: addons; Type: TABLE; Schema: public; Owner: postgres
--

CREATE TABLE public.addons (
    id bigint NOT NULL,
    name character varying NOT NULL,
    price integer NOT NULL,
    img_path character varying
);


ALTER TABLE public.addons OWNER TO postgres;

--
-- TOC entry 270 (class 1259 OID 20291)
-- Name: addons_id_seq; Type: SEQUENCE; Schema: public; Owner: postgres
--

ALTER TABLE public.addons ALTER COLUMN id ADD GENERATED BY DEFAULT AS IDENTITY (
    SEQUENCE NAME public.addons_id_seq
    START WITH 1
    INCREMENT BY 1
    NO MINVALUE
    NO MAXVALUE
    CACHE 1
);


--
-- TOC entry 251 (class 1259 OID 19447)
-- Name: categories; Type: TABLE; Schema: public; Owner: postgres
--

CREATE TABLE public.categories (
    id bigint NOT NULL,
    name character varying NOT NULL,
    icon character varying,
    "order" smallint DEFAULT '0'::smallint NOT NULL
);


ALTER TABLE public.categories OWNER TO postgres;

--
-- TOC entry 252 (class 1259 OID 19452)
-- Name: categories_id_seq; Type: SEQUENCE; Schema: public; Owner: postgres
--

ALTER TABLE public.categories ALTER COLUMN id ADD GENERATED BY DEFAULT AS IDENTITY (
    SEQUENCE NAME public.categories_id_seq
    START WITH 1
    INCREMENT BY 1
    NO MINVALUE
    NO MAXVALUE
    CACHE 1
);


--
-- TOC entry 302 (class 1259 OID 20897)
-- Name: categories_with_product_count; Type: VIEW; Schema: public; Owner: postgres
--

CREATE VIEW public.categories_with_product_count AS
SELECT
    NULL::bigint AS id,
    NULL::character varying AS name,
    NULL::character varying AS icon,
    NULL::smallint AS "order",
    NULL::bigint AS product_count;


ALTER TABLE public.categories_with_product_count OWNER TO postgres;

--
-- TOC entry 297 (class 1259 OID 20836)
-- Name: coupons; Type: TABLE; Schema: public; Owner: postgres
--

CREATE TABLE public.coupons (
    id bigint NOT NULL,
    code character varying NOT NULL,
    description character varying,
    discount_type character varying NOT NULL,
    discount_value integer NOT NULL,
    created_at timestamp with time zone DEFAULT now() NOT NULL
);


ALTER TABLE public.coupons OWNER TO postgres;

--
-- TOC entry 298 (class 1259 OID 20839)
-- Name: coupons_id_seq; Type: SEQUENCE; Schema: public; Owner: postgres
--

ALTER TABLE public.coupons ALTER COLUMN id ADD GENERATED BY DEFAULT AS IDENTITY (
    SEQUENCE NAME public.coupons_id_seq
    START WITH 1
    INCREMENT BY 1
    NO MINVALUE
    NO MAXVALUE
    CACHE 1
);


--
-- TOC entry 300 (class 1259 OID 20880)
-- Name: customers; Type: TABLE; Schema: public; Owner: postgres
--

CREATE TABLE public.customers (
    id bigint NOT NULL,
    firstname character varying NOT NULL,
    lastname character varying NOT NULL,
    email character varying,
    phone character varying NOT NULL,
    address character varying,
    city character varying,
    state character varying,
    postal_code character varying
);


ALTER TABLE public.customers OWNER TO postgres;

--
-- TOC entry 301 (class 1259 OID 20883)
-- Name: customers_id_seq; Type: SEQUENCE; Schema: public; Owner: postgres
--

ALTER TABLE public.customers ALTER COLUMN id ADD GENERATED BY DEFAULT AS IDENTITY (
    SEQUENCE NAME public.customers_id_seq
    START WITH 1
    INCREMENT BY 1
    NO MINVALUE
    NO MAXVALUE
    CACHE 1
);


--
-- TOC entry 259 (class 1259 OID 20088)
-- Name: product_variations; Type: TABLE; Schema: public; Owner: postgres
--

CREATE TABLE public.product_variations (
    id bigint NOT NULL,
    name character varying NOT NULL
);


ALTER TABLE public.product_variations OWNER TO postgres;

--
-- TOC entry 260 (class 1259 OID 20091)
-- Name: item_variations_id_seq; Type: SEQUENCE; Schema: public; Owner: postgres
--

ALTER TABLE public.product_variations ALTER COLUMN id ADD GENERATED BY DEFAULT AS IDENTITY (
    SEQUENCE NAME public.item_variations_id_seq
    START WITH 1
    INCREMENT BY 1
    NO MINVALUE
    NO MAXVALUE
    CACHE 1
);


--
-- TOC entry 291 (class 1259 OID 20643)
-- Name: order_item_addons; Type: TABLE; Schema: public; Owner: postgres
--

CREATE TABLE public.order_item_addons (
    id bigint NOT NULL,
    order_item_id bigint NOT NULL,
    name character varying NOT NULL,
    price integer NOT NULL,
    img_path character varying,
    addon_id bigint
);


ALTER TABLE public.order_item_addons OWNER TO postgres;

--
-- TOC entry 292 (class 1259 OID 20646)
-- Name: order_item_addons_id_seq; Type: SEQUENCE; Schema: public; Owner: postgres
--

ALTER TABLE public.order_item_addons ALTER COLUMN id ADD GENERATED BY DEFAULT AS IDENTITY (
    SEQUENCE NAME public.order_item_addons_id_seq
    START WITH 1
    INCREMENT BY 1
    NO MINVALUE
    NO MAXVALUE
    CACHE 1
);


--
-- TOC entry 289 (class 1259 OID 20621)
-- Name: order_item_attributes; Type: TABLE; Schema: public; Owner: postgres
--

CREATE TABLE public.order_item_attributes (
    id bigint NOT NULL,
    order_item_id bigint NOT NULL,
    name character varying NOT NULL,
    "values" character varying[]
);


ALTER TABLE public.order_item_attributes OWNER TO postgres;

--
-- TOC entry 281 (class 1259 OID 20394)
-- Name: order_items; Type: TABLE; Schema: public; Owner: postgres
--

CREATE TABLE public.order_items (
    id bigint NOT NULL,
    order_id bigint NOT NULL,
    quantity smallint NOT NULL,
    unit_price integer NOT NULL,
    sub_total integer NOT NULL,
    variation_name character varying,
    product_name character varying NOT NULL,
    variation_value character varying,
    product_img character varying NOT NULL,
    product_id bigint
);


ALTER TABLE public.order_items OWNER TO postgres;

--
-- TOC entry 290 (class 1259 OID 20624)
-- Name: order_items_attributes_id_seq; Type: SEQUENCE; Schema: public; Owner: postgres
--

ALTER TABLE public.order_item_attributes ALTER COLUMN id ADD GENERATED BY DEFAULT AS IDENTITY (
    SEQUENCE NAME public.order_items_attributes_id_seq
    START WITH 1
    INCREMENT BY 1
    NO MINVALUE
    NO MAXVALUE
    CACHE 1
);


--
-- TOC entry 282 (class 1259 OID 20397)
-- Name: order_items_id_seq; Type: SEQUENCE; Schema: public; Owner: postgres
--

ALTER TABLE public.order_items ALTER COLUMN id ADD GENERATED BY DEFAULT AS IDENTITY (
    SEQUENCE NAME public.order_items_id_seq
    START WITH 1
    INCREMENT BY 1
    NO MINVALUE
    NO MAXVALUE
    CACHE 1
);


--
-- TOC entry 279 (class 1259 OID 20384)
-- Name: orders; Type: TABLE; Schema: public; Owner: postgres
--

CREATE TABLE public.orders (
    id bigint NOT NULL,
    item_count smallint NOT NULL,
    order_amount double precision NOT NULL,
    status smallint DEFAULT '0'::smallint NOT NULL,
    queue_number integer NOT NULL,
    order_date date DEFAULT now() NOT NULL,
    order_time time without time zone DEFAULT now() NOT NULL,
    discount_type character varying,
    discount_amount integer,
    coupon_id bigint,
    grand_total double precision NOT NULL,
    discount_rate smallint,
    payment_method character varying DEFAULT 'cash'::character varying NOT NULL,
    payment_amount bigint DEFAULT '0'::bigint NOT NULL,
    customer_id bigint
);


ALTER TABLE public.orders OWNER TO postgres;

--
-- TOC entry 3139 (class 0 OID 0)
-- Dependencies: 279
-- Name: COLUMN orders.queue_number; Type: COMMENT; Schema: public; Owner: postgres
--

COMMENT ON COLUMN public.orders.queue_number IS 'Daily orders queueing number';


--
-- TOC entry 280 (class 1259 OID 20387)
-- Name: orders_id_seq; Type: SEQUENCE; Schema: public; Owner: postgres
--

ALTER TABLE public.orders ALTER COLUMN id ADD GENERATED BY DEFAULT AS IDENTITY (
    SEQUENCE NAME public.orders_id_seq
    START WITH 1
    INCREMENT BY 1
    NO MINVALUE
    NO MAXVALUE
    CACHE 1
);


--
-- TOC entry 265 (class 1259 OID 20191)
-- Name: product_attribute_options; Type: TABLE; Schema: public; Owner: postgres
--

CREATE TABLE public.product_attribute_options (
    id bigint NOT NULL,
    attribute_id bigint NOT NULL,
    value character varying NOT NULL,
    is_selected boolean DEFAULT false NOT NULL,
    "order" smallint DEFAULT '0'::smallint NOT NULL
);


ALTER TABLE public.product_attribute_options OWNER TO postgres;

--
-- TOC entry 266 (class 1259 OID 20194)
-- Name: product_attribute_options_id_seq; Type: SEQUENCE; Schema: public; Owner: postgres
--

ALTER TABLE public.product_attribute_options ALTER COLUMN id ADD GENERATED BY DEFAULT AS IDENTITY (
    SEQUENCE NAME public.product_attribute_options_id_seq
    START WITH 1
    INCREMENT BY 1
    NO MINVALUE
    NO MAXVALUE
    CACHE 1
);


--
-- TOC entry 263 (class 1259 OID 20174)
-- Name: product_attributes; Type: TABLE; Schema: public; Owner: postgres
--

CREATE TABLE public.product_attributes (
    id bigint NOT NULL,
    product_id bigint,
    name character varying,
    is_multiple boolean DEFAULT false,
    "order" smallint DEFAULT '0'::smallint NOT NULL
);


ALTER TABLE public.product_attributes OWNER TO postgres;

--
-- TOC entry 264 (class 1259 OID 20177)
-- Name: product_attributes_id_seq; Type: SEQUENCE; Schema: public; Owner: postgres
--

ALTER TABLE public.product_attributes ALTER COLUMN id ADD GENERATED BY DEFAULT AS IDENTITY (
    SEQUENCE NAME public.product_attributes_id_seq
    START WITH 1
    INCREMENT BY 1
    NO MINVALUE
    NO MAXVALUE
    CACHE 1
);


--
-- TOC entry 261 (class 1259 OID 20100)
-- Name: product_variation_options; Type: TABLE; Schema: public; Owner: postgres
--

CREATE TABLE public.product_variation_options (
    id bigint NOT NULL,
    variation_id bigint NOT NULL,
    value character varying NOT NULL,
    price integer NOT NULL,
    is_selected boolean DEFAULT false NOT NULL,
    "order" smallint DEFAULT '0'::smallint NOT NULL
);


ALTER TABLE public.product_variation_options OWNER TO postgres;

--
-- TOC entry 253 (class 1259 OID 19453)
-- Name: products; Type: TABLE; Schema: public; Owner: postgres
--

CREATE TABLE public.products (
    id bigint NOT NULL,
    name character varying NOT NULL,
    category_id bigint NOT NULL,
    img_url character varying DEFAULT 'https://zshwkohgxpaaonnogbem.supabase.co/storage/v1/object/public/images/bigbrew_logo_brown.png'::character varying,
    base_price integer DEFAULT 0 NOT NULL,
    variation_id bigint,
    allow_addon boolean DEFAULT true NOT NULL
);


ALTER TABLE public.products OWNER TO postgres;

--
-- TOC entry 254 (class 1259 OID 19459)
-- Name: products_id_seq; Type: SEQUENCE; Schema: public; Owner: postgres
--

ALTER TABLE public.products ALTER COLUMN id ADD GENERATED BY DEFAULT AS IDENTITY (
    SEQUENCE NAME public.products_id_seq
    START WITH 1
    INCREMENT BY 1
    NO MINVALUE
    NO MAXVALUE
    CACHE 1
);


--
-- TOC entry 255 (class 1259 OID 19460)
-- Name: profiles; Type: TABLE; Schema: public; Owner: postgres
--

CREATE TABLE public.profiles (
    id uuid NOT NULL,
    username text,
    avatar_url text,
    first_name character varying,
    last_name character varying,
    CONSTRAINT username_length CHECK ((char_length(username) >= 3))
);


ALTER TABLE public.profiles OWNER TO postgres;

--
-- TOC entry 299 (class 1259 OID 20870)
-- Name: sales; Type: VIEW; Schema: public; Owner: postgres
--

CREATE VIEW public.sales AS
 SELECT count(DISTINCT o.id) AS order_count,
    sum(i.quantity) AS item_count,
    sum(o.order_amount) AS order_amount,
    sum(o.grand_total) AS grand_total,
    o.order_date AS transaction_date
   FROM (public.orders o
     LEFT JOIN public.order_items i ON ((i.order_id = o.id)))
  WHERE (o.status >= 3)
  GROUP BY o.order_date;


ALTER TABLE public.sales OWNER TO postgres;

--
-- TOC entry 267 (class 1259 OID 20272)
-- Name: settings; Type: TABLE; Schema: public; Owner: postgres
--

CREATE TABLE public.settings (
    id bigint NOT NULL,
    name character varying NOT NULL,
    value json
);


ALTER TABLE public.settings OWNER TO postgres;

--
-- TOC entry 268 (class 1259 OID 20275)
-- Name: settings_id_seq; Type: SEQUENCE; Schema: public; Owner: postgres
--

ALTER TABLE public.settings ALTER COLUMN id ADD GENERATED BY DEFAULT AS IDENTITY (
    SEQUENCE NAME public.settings_id_seq
    START WITH 1
    INCREMENT BY 1
    NO MINVALUE
    NO MAXVALUE
    CACHE 1
);


--
-- TOC entry 262 (class 1259 OID 20103)
-- Name: variation_values_id_seq; Type: SEQUENCE; Schema: public; Owner: postgres
--

ALTER TABLE public.product_variation_options ALTER COLUMN id ADD GENERATED BY DEFAULT AS IDENTITY (
    SEQUENCE NAME public.variation_values_id_seq
    START WITH 1
    INCREMENT BY 1
    NO MINVALUE
    NO MAXVALUE
    CACHE 1
);


--
-- TOC entry 3101 (class 0 OID 20288)
-- Dependencies: 269
-- Data for Name: addons; Type: TABLE DATA; Schema: public; Owner: postgres
--

COPY public.addons (id, name, price, img_path) FROM stdin;
1	Crushed Oreo	9	/images/products/addon_oreo.png
2	Pearl	9	/images/products/addon_pearl.png
5	Cheese Cake	9	/images/products/addon_cheesecake.png
6	Coffee Jelly	9	/images/products/addon_coffeejelly.png
3	Cream Cheese	9	/images/products/addon_creamcheese.png
4	Cream Puff	10	/images/products/addon_creampuff.png
\.


--
-- TOC entry 3086 (class 0 OID 19447)
-- Dependencies: 251
-- Data for Name: categories; Type: TABLE DATA; Schema: public; Owner: postgres
--

COPY public.categories (id, name, icon, "order") FROM stdin;
11	Snack	/images/icons/category_snack.png	5
2	Frappe	/images/icons/category_praffe.png	1
3	Milktea	/images/icons/category_milktea.png	2
4	Juice	/images/icons/category_juice.png	3
1	Hot Coffe	/images/icons/category_hot_coffee.png	0
\.


--
-- TOC entry 3111 (class 0 OID 20836)
-- Dependencies: 297
-- Data for Name: coupons; Type: TABLE DATA; Schema: public; Owner: postgres
--

COPY public.coupons (id, code, description, discount_type, discount_value, created_at) FROM stdin;
1	1234	Test	fixed	50	2022-11-29 19:34:57.452213+00
\.


--
-- TOC entry 3113 (class 0 OID 20880)
-- Dependencies: 300
-- Data for Name: customers; Type: TABLE DATA; Schema: public; Owner: postgres
--

COPY public.customers (id, firstname, lastname, email, phone, address, city, state, postal_code) FROM stdin;
\.


--
-- TOC entry 3109 (class 0 OID 20643)
-- Dependencies: 291
-- Data for Name: order_item_addons; Type: TABLE DATA; Schema: public; Owner: postgres
--

COPY public.order_item_addons (id, order_item_id, name, price, img_path, addon_id) FROM stdin;
\.


--
-- TOC entry 3107 (class 0 OID 20621)
-- Dependencies: 289
-- Data for Name: order_item_attributes; Type: TABLE DATA; Schema: public; Owner: postgres
--

COPY public.order_item_attributes (id, order_item_id, name, "values") FROM stdin;
54	265	Sugar	{100%}
\.


--
-- TOC entry 3105 (class 0 OID 20394)
-- Dependencies: 281
-- Data for Name: order_items; Type: TABLE DATA; Schema: public; Owner: postgres
--

COPY public.order_items (id, order_id, quantity, unit_price, sub_total, variation_name, product_name, variation_value, product_img, product_id) FROM stdin;
263	183	1	49	49	\N	Coffee Jelly	\N	/images/products/coffee_jelly.jpg	28
264	183	1	39	39	\N	Mojos	\N	/images/products/mojos.jpg	49
265	184	2	35	70	\N	Hot Brusko	\N	/images/products/hotbrew.jpg	1
266	184	1	39	39	\N	Twister Fries	\N	/images/products/twister_fries.jpg	59
\.


--
-- TOC entry 3103 (class 0 OID 20384)
-- Dependencies: 279
-- Data for Name: orders; Type: TABLE DATA; Schema: public; Owner: postgres
--

COPY public.orders (id, item_count, order_amount, status, queue_number, order_date, order_time, discount_type, discount_amount, coupon_id, grand_total, discount_rate, payment_method, payment_amount, customer_id) FROM stdin;
183	2	88	1	1	2023-03-09	14:50:34.540424	\N	\N	\N	88	\N	cash	100	\N
184	2	109	1	2	2023-03-09	14:51:07.536473	\N	\N	\N	109	\N	cash	110	\N
\.


--
-- TOC entry 3097 (class 0 OID 20191)
-- Dependencies: 265
-- Data for Name: product_attribute_options; Type: TABLE DATA; Schema: public; Owner: postgres
--

COPY public.product_attribute_options (id, attribute_id, value, is_selected, "order") FROM stdin;
85	28	25%	f	0
86	28	50%	f	1
87	28	75%	f	2
88	28	100%	t	3
89	29	25%	f	0
90	29	50%	f	1
91	29	75%	f	2
92	29	100%	t	3
93	30	25%	f	0
94	30	50%	f	1
95	30	75%	f	2
96	30	100%	t	3
97	31	25%	f	0
98	31	50%	f	1
99	31	75%	f	2
100	31	100%	t	3
101	32	25%	f	0
102	32	50%	f	1
103	32	75%	f	2
104	32	100%	t	3
105	33	25%	f	0
106	33	50%	f	1
107	33	75%	f	2
108	33	100%	t	3
109	34	25%	f	0
110	34	50%	f	1
111	34	75%	f	2
112	34	100%	t	3
113	35	25%	f	0
114	35	50%	f	1
115	35	75%	f	2
116	35	100%	t	3
117	36	25%	f	0
118	36	50%	f	1
119	36	75%	f	2
120	36	100%	t	3
121	37	25%	f	0
122	37	50%	f	1
123	37	75%	f	2
124	37	100%	t	3
\.


--
-- TOC entry 3095 (class 0 OID 20174)
-- Dependencies: 263
-- Data for Name: product_attributes; Type: TABLE DATA; Schema: public; Owner: postgres
--

COPY public.product_attributes (id, product_id, name, is_multiple, "order") FROM stdin;
28	47	Sugar	f	0
29	46	Sugar	f	0
30	2	Sugar	f	0
31	1	Sugar	f	0
32	6	Sugar	f	0
33	57	Sugar	f	0
34	51	Sugar	f	0
35	54	Sugar	f	0
36	60	Sugar	f	0
37	58	Sugar	f	0
\.


--
-- TOC entry 3093 (class 0 OID 20100)
-- Dependencies: 261
-- Data for Name: product_variation_options; Type: TABLE DATA; Schema: public; Owner: postgres
--

COPY public.product_variation_options (id, variation_id, value, price, is_selected, "order") FROM stdin;
66	33	Regular	29	t	0
67	33	Medio	39	f	0
68	33	Large	49	f	0
69	34	Regular	29	t	0
70	34	Medio	39	f	0
2	1	Medio	39	f	1
3	1	Tall	49	f	2
8	1	Regular	29	t	0
71	34	Large	49	f	0
75	36	vgh	15	f	0
76	36	vgy	522	t	0
78	37	vgh	15	t	0
79	37	vgy	522	f	0
81	38	vgh	15	t	0
15	5	Medio	39	f	1
11	4	Medio	39	f	1
12	5	Tall	49	f	2
13	4	Tall	49	f	2
27	6	Tall	49	f	2
26	6	Medio	39	f	1
25	6	Regular	29	t	0
14	5	Regular	29	t	0
10	4	Regular	29	t	0
82	38	vgy	522	f	0
84	39	vgh	15	t	0
85	39	vgy	522	f	0
87	40	Medio	49	t	0
88	40	 Tall	59	f	0
90	41	Regular	39	t	0
91	41	Medio	49	f	0
93	42	Regular	39	t	0
94	42	Medio	49	f	0
96	43	Regular	39	t	0
97	43	Medio	49	f	0
99	44	Regular	39	t	0
100	44	Medio	49	f	0
102	45	Regular	29	t	0
103	45	Medio	39	f	0
104	45	Tall	49	f	0
106	46	Medio	29	t	0
107	46	Grande	39	f	0
51	26	Medio	49	t	0
52	26	Tall	59	f	0
109	47	Medio	29	t	0
110	47	Grande	39	f	0
112	48	Medio	29	t	0
113	48	Grande	39	f	0
115	49	Medio	29	t	0
116	49	Grande	39	f	0
118	50	Medio	29	t	0
119	50	Grande	39	f	0
121	51	Medio	29	t	0
122	51	Grande	39	f	0
124	52	Medio	29	t	0
125	52	Grande	39	f	0
127	53	Medio	29	t	0
128	53	Grande	39	f	0
130	54	Medio	29	t	0
131	54	Grande	39	f	0
133	55	Medio	29	t	0
134	55	Grande	39	f	0
136	56	Medio	29	t	0
137	56	Grande	39	f	0
139	57	Medio	29	t	0
140	57	Grande	39	f	0
142	58	Medio	29	t	0
143	58	Grande	39	f	0
145	59	Medio	39	t	0
146	59	Grande	49	f	0
148	60	Medio	39	t	0
149	60	Grande	49	f	0
151	61	Medio	29	t	0
152	61	Grande	39	f	0
154	62	Medio	29	t	0
155	62	Grande	39	f	0
157	63	fgy	25	t	0
158	63	fh	28	f	0
160	64	fgy	25	f	0
161	64	fh	28	t	0
163	65	Medio	29	t	0
164	65	Grande	39	f	0
166	66	Medio	29	t	0
167	66	Grande	39	f	0
169	67	Medio	29	t	0
170	67	Grande	39	f	0
172	68	Medio	29	t	0
173	68	Grande	39	f	0
175	69	Medio	29	t	0
176	69	Grande	39	f	0
\.


--
-- TOC entry 3091 (class 0 OID 20088)
-- Dependencies: 259
-- Data for Name: product_variations; Type: TABLE DATA; Schema: public; Owner: postgres
--

COPY public.product_variations (id, name) FROM stdin;
1	Size
4	Size
5	Size
6	Size
26	Size
33	Size
34	Size
36	fty
37	fty
38	fty
39	fty
40	Size
41	Size
42	Size
43	Size
44	Size
45	Size
46	Size
47	Size
48	Size
49	Size
50	Size
51	Size
52	Size
53	Size
54	Size
55	Size
56	Size
57	Size
58	Size
59	Size
60	Size
61	Size
62	Size
63	asdg
64	asdg
65	Size
66	Size
67	Size
68	Size
69	Size
\.


--
-- TOC entry 3088 (class 0 OID 19453)
-- Dependencies: 253
-- Data for Name: products; Type: TABLE DATA; Schema: public; Owner: postgres
--

COPY public.products (id, name, category_id, img_url, base_price, variation_id, allow_addon) FROM stdin;
46	Hot Moca	1	/images/products/hotbrew.jpg	35	\N	t
2	Hot Choco	1	/images/products/hotbrew.jpg	35	\N	t
1	Hot Brusko	1	/images/products/hotbrew.jpg	35	\N	t
6	Hot Karamel	1	/images/products/hotbrew.jpg	35	\N	t
57	Taro	3	/images/products/taro.jpg	29	65	t
51	Strawberry	3	/images/products/milktea_strawberry.jpg	29	66	t
54	Chocoberry	3	/images/products/milktea_chocoberry.jpg	29	67	t
60	Matcha	3	/images/products/milktea_matcha.jpg	29	68	t
58	Red Velvet	3	/images/products/red_velvet.jpg	29	69	t
52	Green Apple	4	/images/products/juice_green_apple.jpg	29	50	t
53	Strawberry Fruit Tea	4	/images/products/juice_strawberry.jpg	29	54	t
56	Kiwi Fruit Tea	4	/images/products/juice_kiwi.jpg	29	55	t
4	Matcha	2	/images/products/matcha_cream.jpg	49	40	t
37	Strawberry	2	/images/products/strawberry.jpg	49	\N	t
28	Coffee Jelly	2	/images/products/coffee_jelly.jpg	49	\N	t
55	Caramel Macch	2	/images/products/caramel_macch.jpg	49	\N	t
3	Moca	2	/images/products/moca.jpg	49	\N	t
41	Cookies n' Cream	2	/images/products/cookiesNcream.jpg	49	\N	t
59	Twister Fries	11	/images/products/twister_fries.jpg	39	\N	f
50	Buffalo Fries	11	/images/products/buffalo_fries.jpg	39	\N	f
49	Mojos	11	/images/products/mojos.jpg	39	\N	f
48	Classic Fries	11	/images/products/classic_fries.jpg	29	\N	f
47	Hot Matcha	1	/images/products/hotbrew.jpg	35	\N	t
\.


--
-- TOC entry 3090 (class 0 OID 19460)
-- Dependencies: 255
-- Data for Name: profiles; Type: TABLE DATA; Schema: public; Owner: postgres
--

COPY public.profiles (id, username, avatar_url, first_name, last_name) FROM stdin;
29f2dfce-4276-4087-94c0-d9a199579910	aaldrin	https://zshwkohgxpaaonnogbem.supabase.co/storage/v1/object/sign/avatars/bigbrew_avatar_white.png?token=eyJhbGciOiJIUzI1NiIsInR5cCI6IkpXVCJ9.eyJ1cmwiOiJhdmF0YXJzL2JpZ2JyZXdfYXZhdGFyX3doaXRlLnBuZyIsImlhdCI6MTY2Njk3Mjk2MiwiZXhwIjoxOTgyMzMyOTYyfQ.d_d6x85IHncw_GBH34eu8rWVvBv06bRNm8xt5jdt6Ws	Aldrin	Arabis
\.


--
-- TOC entry 3099 (class 0 OID 20272)
-- Dependencies: 267
-- Data for Name: settings; Type: TABLE DATA; Schema: public; Owner: postgres
--

COPY public.settings (id, name, value) FROM stdin;
338	vat_registration	{"value":"12345-345"}
263	printer_name	{"value":"MTP-2"}
7	logo_path	{"value":"/images/bigbrew_logo.png"}
952	shop_show_quick_view	{"value":true}
956	product_show_price	{"value":true}
939	shop_show_price	{"value":false}
121	app_theme	{"value":"system"}
300	kds_active	{"value":false}
4	company_name	{"value":"Big Brew"}
5	attribute_templates	{"value":[{"id":null,"name":"Sugar","is_multiple":false,"options":[{"id":null,"value":"25%","is_selected":false,"order":0},{"id":null,"value":"50%","is_selected":false,"order":0},{"id":null,"value":"75%","is_selected":false,"order":2},{"id":null,"value":"100%","is_selected":true,"order":3}]}]}
6	primary_color	{"value":"#bb6f19"}
223	view_grid_size	{"value":6}
9	variation_templates	{"value":[{"id":null,"name":"Size","options":[{"id":null,"value":"Medio","price":29,"is_selected":true},{"id":null,"value":"Grande","price":39,"is_selected":false}]}]}
164	company_address	{"value":"486 Poinseetia st. Commonwealth, Quezon City"}
\.


--
-- TOC entry 3154 (class 0 OID 0)
-- Dependencies: 270
-- Name: addons_id_seq; Type: SEQUENCE SET; Schema: public; Owner: postgres
--

SELECT pg_catalog.setval('public.addons_id_seq', 7, true);


--
-- TOC entry 3155 (class 0 OID 0)
-- Dependencies: 252
-- Name: categories_id_seq; Type: SEQUENCE SET; Schema: public; Owner: postgres
--

SELECT pg_catalog.setval('public.categories_id_seq', 15, true);


--
-- TOC entry 3156 (class 0 OID 0)
-- Dependencies: 298
-- Name: coupons_id_seq; Type: SEQUENCE SET; Schema: public; Owner: postgres
--

SELECT pg_catalog.setval('public.coupons_id_seq', 1, true);


--
-- TOC entry 3157 (class 0 OID 0)
-- Dependencies: 301
-- Name: customers_id_seq; Type: SEQUENCE SET; Schema: public; Owner: postgres
--

SELECT pg_catalog.setval('public.customers_id_seq', 1, false);


--
-- TOC entry 3158 (class 0 OID 0)
-- Dependencies: 260
-- Name: item_variations_id_seq; Type: SEQUENCE SET; Schema: public; Owner: postgres
--

SELECT pg_catalog.setval('public.item_variations_id_seq', 69, true);


--
-- TOC entry 3159 (class 0 OID 0)
-- Dependencies: 292
-- Name: order_item_addons_id_seq; Type: SEQUENCE SET; Schema: public; Owner: postgres
--

SELECT pg_catalog.setval('public.order_item_addons_id_seq', 18, true);


--
-- TOC entry 3160 (class 0 OID 0)
-- Dependencies: 290
-- Name: order_items_attributes_id_seq; Type: SEQUENCE SET; Schema: public; Owner: postgres
--

SELECT pg_catalog.setval('public.order_items_attributes_id_seq', 54, true);


--
-- TOC entry 3161 (class 0 OID 0)
-- Dependencies: 282
-- Name: order_items_id_seq; Type: SEQUENCE SET; Schema: public; Owner: postgres
--

SELECT pg_catalog.setval('public.order_items_id_seq', 266, true);


--
-- TOC entry 3162 (class 0 OID 0)
-- Dependencies: 280
-- Name: orders_id_seq; Type: SEQUENCE SET; Schema: public; Owner: postgres
--

SELECT pg_catalog.setval('public.orders_id_seq', 184, true);


--
-- TOC entry 3163 (class 0 OID 0)
-- Dependencies: 266
-- Name: product_attribute_options_id_seq; Type: SEQUENCE SET; Schema: public; Owner: postgres
--

SELECT pg_catalog.setval('public.product_attribute_options_id_seq', 124, true);


--
-- TOC entry 3164 (class 0 OID 0)
-- Dependencies: 264
-- Name: product_attributes_id_seq; Type: SEQUENCE SET; Schema: public; Owner: postgres
--

SELECT pg_catalog.setval('public.product_attributes_id_seq', 37, true);


--
-- TOC entry 3165 (class 0 OID 0)
-- Dependencies: 254
-- Name: products_id_seq; Type: SEQUENCE SET; Schema: public; Owner: postgres
--

SELECT pg_catalog.setval('public.products_id_seq', 62, true);


--
-- TOC entry 3166 (class 0 OID 0)
-- Dependencies: 268
-- Name: settings_id_seq; Type: SEQUENCE SET; Schema: public; Owner: postgres
--

SELECT pg_catalog.setval('public.settings_id_seq', 2338, true);


--
-- TOC entry 3167 (class 0 OID 0)
-- Dependencies: 262
-- Name: variation_values_id_seq; Type: SEQUENCE SET; Schema: public; Owner: postgres
--

SELECT pg_catalog.setval('public.variation_values_id_seq', 177, true);


--
-- TOC entry 2907 (class 2606 OID 20298)
-- Name: addons addons_pkey; Type: CONSTRAINT; Schema: public; Owner: postgres
--

ALTER TABLE ONLY public.addons
    ADD CONSTRAINT addons_pkey PRIMARY KEY (id);


--
-- TOC entry 2885 (class 2606 OID 19518)
-- Name: categories categories_name_key; Type: CONSTRAINT; Schema: public; Owner: postgres
--

ALTER TABLE ONLY public.categories
    ADD CONSTRAINT categories_name_key UNIQUE (name);


--
-- TOC entry 2887 (class 2606 OID 19520)
-- Name: categories categories_pkey; Type: CONSTRAINT; Schema: public; Owner: postgres
--

ALTER TABLE ONLY public.categories
    ADD CONSTRAINT categories_pkey PRIMARY KEY (id);


--
-- TOC entry 2917 (class 2606 OID 20847)
-- Name: coupons coupons_pkey; Type: CONSTRAINT; Schema: public; Owner: postgres
--

ALTER TABLE ONLY public.coupons
    ADD CONSTRAINT coupons_pkey PRIMARY KEY (id);


--
-- TOC entry 2919 (class 2606 OID 20890)
-- Name: customers customers_pkey; Type: CONSTRAINT; Schema: public; Owner: postgres
--

ALTER TABLE ONLY public.customers
    ADD CONSTRAINT customers_pkey PRIMARY KEY (id);


--
-- TOC entry 2895 (class 2606 OID 20097)
-- Name: product_variations item_variations_pkey; Type: CONSTRAINT; Schema: public; Owner: postgres
--

ALTER TABLE ONLY public.product_variations
    ADD CONSTRAINT item_variations_pkey PRIMARY KEY (id);


--
-- TOC entry 2915 (class 2606 OID 20653)
-- Name: order_item_addons order_item_addons_pkey; Type: CONSTRAINT; Schema: public; Owner: postgres
--

ALTER TABLE ONLY public.order_item_addons
    ADD CONSTRAINT order_item_addons_pkey PRIMARY KEY (id);


--
-- TOC entry 2913 (class 2606 OID 20631)
-- Name: order_item_attributes order_items_attributes_pkey; Type: CONSTRAINT; Schema: public; Owner: postgres
--

ALTER TABLE ONLY public.order_item_attributes
    ADD CONSTRAINT order_items_attributes_pkey PRIMARY KEY (id);


--
-- TOC entry 2911 (class 2606 OID 20404)
-- Name: order_items order_items_pkey; Type: CONSTRAINT; Schema: public; Owner: postgres
--

ALTER TABLE ONLY public.order_items
    ADD CONSTRAINT order_items_pkey PRIMARY KEY (id);


--
-- TOC entry 2909 (class 2606 OID 20393)
-- Name: orders orders_pkey; Type: CONSTRAINT; Schema: public; Owner: postgres
--

ALTER TABLE ONLY public.orders
    ADD CONSTRAINT orders_pkey PRIMARY KEY (id);


--
-- TOC entry 2901 (class 2606 OID 20202)
-- Name: product_attribute_options product_attribute_options_pkey; Type: CONSTRAINT; Schema: public; Owner: postgres
--

ALTER TABLE ONLY public.product_attribute_options
    ADD CONSTRAINT product_attribute_options_pkey PRIMARY KEY (id);


--
-- TOC entry 2899 (class 2606 OID 20185)
-- Name: product_attributes product_attributes_pkey; Type: CONSTRAINT; Schema: public; Owner: postgres
--

ALTER TABLE ONLY public.product_attributes
    ADD CONSTRAINT product_attributes_pkey PRIMARY KEY (id);


--
-- TOC entry 2889 (class 2606 OID 19524)
-- Name: products products_pkey; Type: CONSTRAINT; Schema: public; Owner: postgres
--

ALTER TABLE ONLY public.products
    ADD CONSTRAINT products_pkey PRIMARY KEY (id);


--
-- TOC entry 2891 (class 2606 OID 19526)
-- Name: profiles profiles_pkey; Type: CONSTRAINT; Schema: public; Owner: postgres
--

ALTER TABLE ONLY public.profiles
    ADD CONSTRAINT profiles_pkey PRIMARY KEY (id);


--
-- TOC entry 2893 (class 2606 OID 19528)
-- Name: profiles profiles_username_key; Type: CONSTRAINT; Schema: public; Owner: postgres
--

ALTER TABLE ONLY public.profiles
    ADD CONSTRAINT profiles_username_key UNIQUE (username);


--
-- TOC entry 2903 (class 2606 OID 20726)
-- Name: settings settings_name_key; Type: CONSTRAINT; Schema: public; Owner: postgres
--

ALTER TABLE ONLY public.settings
    ADD CONSTRAINT settings_name_key UNIQUE (name);


--
-- TOC entry 2905 (class 2606 OID 20282)
-- Name: settings settings_pkey; Type: CONSTRAINT; Schema: public; Owner: postgres
--

ALTER TABLE ONLY public.settings
    ADD CONSTRAINT settings_pkey PRIMARY KEY (id);


--
-- TOC entry 2897 (class 2606 OID 20110)
-- Name: product_variation_options variation_values_pkey; Type: CONSTRAINT; Schema: public; Owner: postgres
--

ALTER TABLE ONLY public.product_variation_options
    ADD CONSTRAINT variation_values_pkey PRIMARY KEY (id);


--
-- TOC entry 3078 (class 2618 OID 20900)
-- Name: categories_with_product_count _RETURN; Type: RULE; Schema: public; Owner: postgres
--

CREATE OR REPLACE VIEW public.categories_with_product_count AS
 SELECT c.id,
    c.name,
    c.icon,
    c."order",
    count(p.id) AS product_count
   FROM (public.categories c
     LEFT JOIN public.products p ON ((p.category_id = c.id)))
  GROUP BY p.category_id, c.id;


--
-- TOC entry 2933 (class 2620 OID 20566)
-- Name: orders set_queue_number_trigger; Type: TRIGGER; Schema: public; Owner: postgres
--

CREATE TRIGGER set_queue_number_trigger BEFORE INSERT ON public.orders FOR EACH ROW EXECUTE FUNCTION public.set_queue_number();


--
-- TOC entry 2931 (class 2606 OID 20829)
-- Name: order_item_addons order_item_addons_addon_id_fkey; Type: FK CONSTRAINT; Schema: public; Owner: postgres
--

ALTER TABLE ONLY public.order_item_addons
    ADD CONSTRAINT order_item_addons_addon_id_fkey FOREIGN KEY (addon_id) REFERENCES public.addons(id);


--
-- TOC entry 2932 (class 2606 OID 20692)
-- Name: order_item_addons order_item_addons_order_item_id_fkey; Type: FK CONSTRAINT; Schema: public; Owner: postgres
--

ALTER TABLE ONLY public.order_item_addons
    ADD CONSTRAINT order_item_addons_order_item_id_fkey FOREIGN KEY (order_item_id) REFERENCES public.order_items(id) ON DELETE CASCADE;


--
-- TOC entry 2930 (class 2606 OID 20687)
-- Name: order_item_attributes order_item_attributes_order_item_id_fkey; Type: FK CONSTRAINT; Schema: public; Owner: postgres
--

ALTER TABLE ONLY public.order_item_attributes
    ADD CONSTRAINT order_item_attributes_order_item_id_fkey FOREIGN KEY (order_item_id) REFERENCES public.order_items(id) ON DELETE CASCADE;


--
-- TOC entry 2928 (class 2606 OID 20546)
-- Name: order_items order_items_order_id_fkey; Type: FK CONSTRAINT; Schema: public; Owner: postgres
--

ALTER TABLE ONLY public.order_items
    ADD CONSTRAINT order_items_order_id_fkey FOREIGN KEY (order_id) REFERENCES public.orders(id) ON DELETE CASCADE;


--
-- TOC entry 2929 (class 2606 OID 20824)
-- Name: order_items order_items_product_id_fkey; Type: FK CONSTRAINT; Schema: public; Owner: postgres
--

ALTER TABLE ONLY public.order_items
    ADD CONSTRAINT order_items_product_id_fkey FOREIGN KEY (product_id) REFERENCES public.products(id);


--
-- TOC entry 2926 (class 2606 OID 20850)
-- Name: orders orders_coupon_id_fkey; Type: FK CONSTRAINT; Schema: public; Owner: postgres
--

ALTER TABLE ONLY public.orders
    ADD CONSTRAINT orders_coupon_id_fkey FOREIGN KEY (coupon_id) REFERENCES public.coupons(id);


--
-- TOC entry 2927 (class 2606 OID 20891)
-- Name: orders orders_customer_id_fkey; Type: FK CONSTRAINT; Schema: public; Owner: postgres
--

ALTER TABLE ONLY public.orders
    ADD CONSTRAINT orders_customer_id_fkey FOREIGN KEY (customer_id) REFERENCES public.customers(id);


--
-- TOC entry 2925 (class 2606 OID 20243)
-- Name: product_attribute_options product_attribute_options_attribute_id_fkey; Type: FK CONSTRAINT; Schema: public; Owner: postgres
--

ALTER TABLE ONLY public.product_attribute_options
    ADD CONSTRAINT product_attribute_options_attribute_id_fkey FOREIGN KEY (attribute_id) REFERENCES public.product_attributes(id) ON DELETE CASCADE;


--
-- TOC entry 2924 (class 2606 OID 20238)
-- Name: product_attributes product_attributes_product_id_fkey; Type: FK CONSTRAINT; Schema: public; Owner: postgres
--

ALTER TABLE ONLY public.product_attributes
    ADD CONSTRAINT product_attributes_product_id_fkey FOREIGN KEY (product_id) REFERENCES public.products(id) ON DELETE CASCADE;


--
-- TOC entry 2923 (class 2606 OID 20248)
-- Name: product_variation_options product_variation_options_variation_id_fkey; Type: FK CONSTRAINT; Schema: public; Owner: postgres
--

ALTER TABLE ONLY public.product_variation_options
    ADD CONSTRAINT product_variation_options_variation_id_fkey FOREIGN KEY (variation_id) REFERENCES public.product_variations(id) ON DELETE CASCADE;


--
-- TOC entry 2920 (class 2606 OID 20121)
-- Name: products products_category_id_fkey; Type: FK CONSTRAINT; Schema: public; Owner: postgres
--

ALTER TABLE ONLY public.products
    ADD CONSTRAINT products_category_id_fkey FOREIGN KEY (category_id) REFERENCES public.categories(id);


--
-- TOC entry 2921 (class 2606 OID 20262)
-- Name: products products_variation_id_fkey; Type: FK CONSTRAINT; Schema: public; Owner: postgres
--

ALTER TABLE ONLY public.products
    ADD CONSTRAINT products_variation_id_fkey FOREIGN KEY (variation_id) REFERENCES public.product_variations(id) ON DELETE SET NULL;


--
-- TOC entry 2922 (class 2606 OID 19598)
-- Name: profiles profiles_id_fkey; Type: FK CONSTRAINT; Schema: public; Owner: postgres
--

ALTER TABLE ONLY public.profiles
    ADD CONSTRAINT profiles_id_fkey FOREIGN KEY (id) REFERENCES auth.users(id);


--
-- TOC entry 3080 (class 3256 OID 19618)
-- Name: profiles Public profiles are viewable by everyone.; Type: POLICY; Schema: public; Owner: postgres
--

CREATE POLICY "Public profiles are viewable by everyone." ON public.profiles FOR SELECT USING (true);


--
-- TOC entry 3081 (class 3256 OID 19619)
-- Name: profiles Users can insert their own profile.; Type: POLICY; Schema: public; Owner: postgres
--

CREATE POLICY "Users can insert their own profile." ON public.profiles FOR INSERT WITH CHECK ((auth.uid() = id));


--
-- TOC entry 3082 (class 3256 OID 19620)
-- Name: profiles Users can update own profile.; Type: POLICY; Schema: public; Owner: postgres
--

CREATE POLICY "Users can update own profile." ON public.profiles FOR UPDATE USING ((auth.uid() = id));


--
-- TOC entry 3079 (class 0 OID 19460)
-- Dependencies: 255
-- Name: profiles; Type: ROW SECURITY; Schema: public; Owner: postgres
--

ALTER TABLE public.profiles ENABLE ROW LEVEL SECURITY;

--
-- TOC entry 3120 (class 0 OID 0)
-- Dependencies: 17
-- Name: SCHEMA public; Type: ACL; Schema: -; Owner: postgres
--

REVOKE USAGE ON SCHEMA public FROM PUBLIC;
GRANT USAGE ON SCHEMA public TO anon;
GRANT USAGE ON SCHEMA public TO authenticated;
GRANT USAGE ON SCHEMA public TO service_role;


--
-- TOC entry 3121 (class 0 OID 0)
-- Dependencies: 435
-- Name: FUNCTION set_queue_number(); Type: ACL; Schema: public; Owner: postgres
--

GRANT ALL ON FUNCTION public.set_queue_number() TO anon;
GRANT ALL ON FUNCTION public.set_queue_number() TO authenticated;
GRANT ALL ON FUNCTION public.set_queue_number() TO service_role;


--
-- TOC entry 3122 (class 0 OID 0)
-- Dependencies: 269
-- Name: TABLE addons; Type: ACL; Schema: public; Owner: postgres
--

GRANT ALL ON TABLE public.addons TO anon;
GRANT ALL ON TABLE public.addons TO authenticated;
GRANT ALL ON TABLE public.addons TO service_role;


--
-- TOC entry 3123 (class 0 OID 0)
-- Dependencies: 270
-- Name: SEQUENCE addons_id_seq; Type: ACL; Schema: public; Owner: postgres
--

GRANT ALL ON SEQUENCE public.addons_id_seq TO anon;
GRANT ALL ON SEQUENCE public.addons_id_seq TO authenticated;
GRANT ALL ON SEQUENCE public.addons_id_seq TO service_role;


--
-- TOC entry 3124 (class 0 OID 0)
-- Dependencies: 251
-- Name: TABLE categories; Type: ACL; Schema: public; Owner: postgres
--

GRANT ALL ON TABLE public.categories TO anon;
GRANT ALL ON TABLE public.categories TO authenticated;
GRANT ALL ON TABLE public.categories TO service_role;


--
-- TOC entry 3125 (class 0 OID 0)
-- Dependencies: 252
-- Name: SEQUENCE categories_id_seq; Type: ACL; Schema: public; Owner: postgres
--

GRANT ALL ON SEQUENCE public.categories_id_seq TO anon;
GRANT ALL ON SEQUENCE public.categories_id_seq TO authenticated;
GRANT ALL ON SEQUENCE public.categories_id_seq TO service_role;


--
-- TOC entry 3126 (class 0 OID 0)
-- Dependencies: 302
-- Name: TABLE categories_with_product_count; Type: ACL; Schema: public; Owner: postgres
--

GRANT ALL ON TABLE public.categories_with_product_count TO anon;
GRANT ALL ON TABLE public.categories_with_product_count TO authenticated;
GRANT ALL ON TABLE public.categories_with_product_count TO service_role;


--
-- TOC entry 3127 (class 0 OID 0)
-- Dependencies: 297
-- Name: TABLE coupons; Type: ACL; Schema: public; Owner: postgres
--

GRANT ALL ON TABLE public.coupons TO anon;
GRANT ALL ON TABLE public.coupons TO authenticated;
GRANT ALL ON TABLE public.coupons TO service_role;


--
-- TOC entry 3128 (class 0 OID 0)
-- Dependencies: 298
-- Name: SEQUENCE coupons_id_seq; Type: ACL; Schema: public; Owner: postgres
--

GRANT ALL ON SEQUENCE public.coupons_id_seq TO anon;
GRANT ALL ON SEQUENCE public.coupons_id_seq TO authenticated;
GRANT ALL ON SEQUENCE public.coupons_id_seq TO service_role;


--
-- TOC entry 3129 (class 0 OID 0)
-- Dependencies: 300
-- Name: TABLE customers; Type: ACL; Schema: public; Owner: postgres
--

GRANT ALL ON TABLE public.customers TO anon;
GRANT ALL ON TABLE public.customers TO authenticated;
GRANT ALL ON TABLE public.customers TO service_role;


--
-- TOC entry 3130 (class 0 OID 0)
-- Dependencies: 301
-- Name: SEQUENCE customers_id_seq; Type: ACL; Schema: public; Owner: postgres
--

GRANT ALL ON SEQUENCE public.customers_id_seq TO anon;
GRANT ALL ON SEQUENCE public.customers_id_seq TO authenticated;
GRANT ALL ON SEQUENCE public.customers_id_seq TO service_role;


--
-- TOC entry 3131 (class 0 OID 0)
-- Dependencies: 259
-- Name: TABLE product_variations; Type: ACL; Schema: public; Owner: postgres
--

GRANT ALL ON TABLE public.product_variations TO anon;
GRANT ALL ON TABLE public.product_variations TO authenticated;
GRANT ALL ON TABLE public.product_variations TO service_role;


--
-- TOC entry 3132 (class 0 OID 0)
-- Dependencies: 260
-- Name: SEQUENCE item_variations_id_seq; Type: ACL; Schema: public; Owner: postgres
--

GRANT ALL ON SEQUENCE public.item_variations_id_seq TO anon;
GRANT ALL ON SEQUENCE public.item_variations_id_seq TO authenticated;
GRANT ALL ON SEQUENCE public.item_variations_id_seq TO service_role;


--
-- TOC entry 3133 (class 0 OID 0)
-- Dependencies: 291
-- Name: TABLE order_item_addons; Type: ACL; Schema: public; Owner: postgres
--

GRANT ALL ON TABLE public.order_item_addons TO anon;
GRANT ALL ON TABLE public.order_item_addons TO authenticated;
GRANT ALL ON TABLE public.order_item_addons TO service_role;


--
-- TOC entry 3134 (class 0 OID 0)
-- Dependencies: 292
-- Name: SEQUENCE order_item_addons_id_seq; Type: ACL; Schema: public; Owner: postgres
--

GRANT ALL ON SEQUENCE public.order_item_addons_id_seq TO anon;
GRANT ALL ON SEQUENCE public.order_item_addons_id_seq TO authenticated;
GRANT ALL ON SEQUENCE public.order_item_addons_id_seq TO service_role;


--
-- TOC entry 3135 (class 0 OID 0)
-- Dependencies: 289
-- Name: TABLE order_item_attributes; Type: ACL; Schema: public; Owner: postgres
--

GRANT ALL ON TABLE public.order_item_attributes TO anon;
GRANT ALL ON TABLE public.order_item_attributes TO authenticated;
GRANT ALL ON TABLE public.order_item_attributes TO service_role;


--
-- TOC entry 3136 (class 0 OID 0)
-- Dependencies: 281
-- Name: TABLE order_items; Type: ACL; Schema: public; Owner: postgres
--

GRANT ALL ON TABLE public.order_items TO anon;
GRANT ALL ON TABLE public.order_items TO authenticated;
GRANT ALL ON TABLE public.order_items TO service_role;


--
-- TOC entry 3137 (class 0 OID 0)
-- Dependencies: 290
-- Name: SEQUENCE order_items_attributes_id_seq; Type: ACL; Schema: public; Owner: postgres
--

GRANT ALL ON SEQUENCE public.order_items_attributes_id_seq TO anon;
GRANT ALL ON SEQUENCE public.order_items_attributes_id_seq TO authenticated;
GRANT ALL ON SEQUENCE public.order_items_attributes_id_seq TO service_role;


--
-- TOC entry 3138 (class 0 OID 0)
-- Dependencies: 282
-- Name: SEQUENCE order_items_id_seq; Type: ACL; Schema: public; Owner: postgres
--

GRANT ALL ON SEQUENCE public.order_items_id_seq TO anon;
GRANT ALL ON SEQUENCE public.order_items_id_seq TO authenticated;
GRANT ALL ON SEQUENCE public.order_items_id_seq TO service_role;


--
-- TOC entry 3140 (class 0 OID 0)
-- Dependencies: 279
-- Name: TABLE orders; Type: ACL; Schema: public; Owner: postgres
--

GRANT ALL ON TABLE public.orders TO anon;
GRANT ALL ON TABLE public.orders TO authenticated;
GRANT ALL ON TABLE public.orders TO service_role;


--
-- TOC entry 3141 (class 0 OID 0)
-- Dependencies: 280
-- Name: SEQUENCE orders_id_seq; Type: ACL; Schema: public; Owner: postgres
--

GRANT ALL ON SEQUENCE public.orders_id_seq TO anon;
GRANT ALL ON SEQUENCE public.orders_id_seq TO authenticated;
GRANT ALL ON SEQUENCE public.orders_id_seq TO service_role;


--
-- TOC entry 3142 (class 0 OID 0)
-- Dependencies: 265
-- Name: TABLE product_attribute_options; Type: ACL; Schema: public; Owner: postgres
--

GRANT ALL ON TABLE public.product_attribute_options TO anon;
GRANT ALL ON TABLE public.product_attribute_options TO authenticated;
GRANT ALL ON TABLE public.product_attribute_options TO service_role;


--
-- TOC entry 3143 (class 0 OID 0)
-- Dependencies: 266
-- Name: SEQUENCE product_attribute_options_id_seq; Type: ACL; Schema: public; Owner: postgres
--

GRANT ALL ON SEQUENCE public.product_attribute_options_id_seq TO anon;
GRANT ALL ON SEQUENCE public.product_attribute_options_id_seq TO authenticated;
GRANT ALL ON SEQUENCE public.product_attribute_options_id_seq TO service_role;


--
-- TOC entry 3144 (class 0 OID 0)
-- Dependencies: 263
-- Name: TABLE product_attributes; Type: ACL; Schema: public; Owner: postgres
--

GRANT ALL ON TABLE public.product_attributes TO anon;
GRANT ALL ON TABLE public.product_attributes TO authenticated;
GRANT ALL ON TABLE public.product_attributes TO service_role;


--
-- TOC entry 3145 (class 0 OID 0)
-- Dependencies: 264
-- Name: SEQUENCE product_attributes_id_seq; Type: ACL; Schema: public; Owner: postgres
--

GRANT ALL ON SEQUENCE public.product_attributes_id_seq TO anon;
GRANT ALL ON SEQUENCE public.product_attributes_id_seq TO authenticated;
GRANT ALL ON SEQUENCE public.product_attributes_id_seq TO service_role;


--
-- TOC entry 3146 (class 0 OID 0)
-- Dependencies: 261
-- Name: TABLE product_variation_options; Type: ACL; Schema: public; Owner: postgres
--

GRANT ALL ON TABLE public.product_variation_options TO anon;
GRANT ALL ON TABLE public.product_variation_options TO authenticated;
GRANT ALL ON TABLE public.product_variation_options TO service_role;


--
-- TOC entry 3147 (class 0 OID 0)
-- Dependencies: 253
-- Name: TABLE products; Type: ACL; Schema: public; Owner: postgres
--

GRANT ALL ON TABLE public.products TO anon;
GRANT ALL ON TABLE public.products TO authenticated;
GRANT ALL ON TABLE public.products TO service_role;


--
-- TOC entry 3148 (class 0 OID 0)
-- Dependencies: 254
-- Name: SEQUENCE products_id_seq; Type: ACL; Schema: public; Owner: postgres
--

GRANT ALL ON SEQUENCE public.products_id_seq TO anon;
GRANT ALL ON SEQUENCE public.products_id_seq TO authenticated;
GRANT ALL ON SEQUENCE public.products_id_seq TO service_role;


--
-- TOC entry 3149 (class 0 OID 0)
-- Dependencies: 255
-- Name: TABLE profiles; Type: ACL; Schema: public; Owner: postgres
--

GRANT ALL ON TABLE public.profiles TO anon;
GRANT ALL ON TABLE public.profiles TO authenticated;
GRANT ALL ON TABLE public.profiles TO service_role;


--
-- TOC entry 3150 (class 0 OID 0)
-- Dependencies: 299
-- Name: TABLE sales; Type: ACL; Schema: public; Owner: postgres
--

GRANT ALL ON TABLE public.sales TO anon;
GRANT ALL ON TABLE public.sales TO authenticated;
GRANT ALL ON TABLE public.sales TO service_role;


--
-- TOC entry 3151 (class 0 OID 0)
-- Dependencies: 267
-- Name: TABLE settings; Type: ACL; Schema: public; Owner: postgres
--

GRANT ALL ON TABLE public.settings TO anon;
GRANT ALL ON TABLE public.settings TO authenticated;
GRANT ALL ON TABLE public.settings TO service_role;


--
-- TOC entry 3152 (class 0 OID 0)
-- Dependencies: 268
-- Name: SEQUENCE settings_id_seq; Type: ACL; Schema: public; Owner: postgres
--

GRANT ALL ON SEQUENCE public.settings_id_seq TO anon;
GRANT ALL ON SEQUENCE public.settings_id_seq TO authenticated;
GRANT ALL ON SEQUENCE public.settings_id_seq TO service_role;


--
-- TOC entry 3153 (class 0 OID 0)
-- Dependencies: 262
-- Name: SEQUENCE variation_values_id_seq; Type: ACL; Schema: public; Owner: postgres
--

GRANT ALL ON SEQUENCE public.variation_values_id_seq TO anon;
GRANT ALL ON SEQUENCE public.variation_values_id_seq TO authenticated;
GRANT ALL ON SEQUENCE public.variation_values_id_seq TO service_role;


--
-- TOC entry 2484 (class 826 OID 19634)
-- Name: DEFAULT PRIVILEGES FOR SEQUENCES; Type: DEFAULT ACL; Schema: public; Owner: postgres
--

ALTER DEFAULT PRIVILEGES FOR ROLE postgres IN SCHEMA public GRANT ALL ON SEQUENCES  TO postgres;
ALTER DEFAULT PRIVILEGES FOR ROLE postgres IN SCHEMA public GRANT ALL ON SEQUENCES  TO anon;
ALTER DEFAULT PRIVILEGES FOR ROLE postgres IN SCHEMA public GRANT ALL ON SEQUENCES  TO authenticated;
ALTER DEFAULT PRIVILEGES FOR ROLE postgres IN SCHEMA public GRANT ALL ON SEQUENCES  TO service_role;


--
-- TOC entry 2485 (class 826 OID 19635)
-- Name: DEFAULT PRIVILEGES FOR SEQUENCES; Type: DEFAULT ACL; Schema: public; Owner: supabase_admin
--

ALTER DEFAULT PRIVILEGES FOR ROLE supabase_admin IN SCHEMA public GRANT ALL ON SEQUENCES  TO postgres;
ALTER DEFAULT PRIVILEGES FOR ROLE supabase_admin IN SCHEMA public GRANT ALL ON SEQUENCES  TO anon;
ALTER DEFAULT PRIVILEGES FOR ROLE supabase_admin IN SCHEMA public GRANT ALL ON SEQUENCES  TO authenticated;
ALTER DEFAULT PRIVILEGES FOR ROLE supabase_admin IN SCHEMA public GRANT ALL ON SEQUENCES  TO service_role;


--
-- TOC entry 2486 (class 826 OID 19636)
-- Name: DEFAULT PRIVILEGES FOR FUNCTIONS; Type: DEFAULT ACL; Schema: public; Owner: postgres
--

ALTER DEFAULT PRIVILEGES FOR ROLE postgres IN SCHEMA public GRANT ALL ON FUNCTIONS  TO postgres;
ALTER DEFAULT PRIVILEGES FOR ROLE postgres IN SCHEMA public GRANT ALL ON FUNCTIONS  TO anon;
ALTER DEFAULT PRIVILEGES FOR ROLE postgres IN SCHEMA public GRANT ALL ON FUNCTIONS  TO authenticated;
ALTER DEFAULT PRIVILEGES FOR ROLE postgres IN SCHEMA public GRANT ALL ON FUNCTIONS  TO service_role;


--
-- TOC entry 2479 (class 826 OID 19637)
-- Name: DEFAULT PRIVILEGES FOR FUNCTIONS; Type: DEFAULT ACL; Schema: public; Owner: supabase_admin
--

ALTER DEFAULT PRIVILEGES FOR ROLE supabase_admin IN SCHEMA public GRANT ALL ON FUNCTIONS  TO postgres;
ALTER DEFAULT PRIVILEGES FOR ROLE supabase_admin IN SCHEMA public GRANT ALL ON FUNCTIONS  TO anon;
ALTER DEFAULT PRIVILEGES FOR ROLE supabase_admin IN SCHEMA public GRANT ALL ON FUNCTIONS  TO authenticated;
ALTER DEFAULT PRIVILEGES FOR ROLE supabase_admin IN SCHEMA public GRANT ALL ON FUNCTIONS  TO service_role;


--
-- TOC entry 2480 (class 826 OID 19638)
-- Name: DEFAULT PRIVILEGES FOR TABLES; Type: DEFAULT ACL; Schema: public; Owner: postgres
--

ALTER DEFAULT PRIVILEGES FOR ROLE postgres IN SCHEMA public GRANT ALL ON TABLES  TO postgres;
ALTER DEFAULT PRIVILEGES FOR ROLE postgres IN SCHEMA public GRANT ALL ON TABLES  TO anon;
ALTER DEFAULT PRIVILEGES FOR ROLE postgres IN SCHEMA public GRANT ALL ON TABLES  TO authenticated;
ALTER DEFAULT PRIVILEGES FOR ROLE postgres IN SCHEMA public GRANT ALL ON TABLES  TO service_role;


--
-- TOC entry 2481 (class 826 OID 19639)
-- Name: DEFAULT PRIVILEGES FOR TABLES; Type: DEFAULT ACL; Schema: public; Owner: supabase_admin
--

ALTER DEFAULT PRIVILEGES FOR ROLE supabase_admin IN SCHEMA public GRANT ALL ON TABLES  TO postgres;
ALTER DEFAULT PRIVILEGES FOR ROLE supabase_admin IN SCHEMA public GRANT ALL ON TABLES  TO anon;
ALTER DEFAULT PRIVILEGES FOR ROLE supabase_admin IN SCHEMA public GRANT ALL ON TABLES  TO authenticated;
ALTER DEFAULT PRIVILEGES FOR ROLE supabase_admin IN SCHEMA public GRANT ALL ON TABLES  TO service_role;


-- Completed on 2023-03-09 23:20:31

--
-- PostgreSQL database dump complete
--

